{
  "etl": 4,
  "esp": 9.0,
  "bw": 349,
  "excitation_angle": 90.0,
  "excitation_phase": 90.0,
  "gradient_excitation": -33.55,
  "duration_excitation": 2000.0,
  "gradient_excitation_rephase": -35.16,
  "duration_excitation_rephase": 680.0,
  "refocus_angle": [
    135.0,
    135.0,
    135.0,
    135.0
  ],
  "refocus_phase": [
    0.0,
    0.0,
    0.0,
    0.0
  ],
  "gradient_refocus": -17.89,
  "duration_refocus": 2500.0,
  "gradient_crush": -39.67,
  "duration_crush": 1480.0,
  "gradient_excitation_verse_lobes": 0.0,
  "duration_excitation_verse_lobes": 0.0,
  "gradient_refocus_verse_lobes": 0.0,
  "duration_refocus_verse_lobes": 0.0,
  "tes": [
    0.008770000000900002,
    0.013155000001350003,
    0.017540000001800005,
    0.021925000002250006,
    0.026310000002700007,
    0.03508000000360001,
    0.03946500000405001,
    0.04385000000450001,
    0.04823500000495001,
    0.052620000005400014,
    0.061390000006300016,
    0.06577500000675002,
    0.07016000000720002,
    0.07454500000765002,
    0.07893000000810002,
    0.08770000000900002,
    0.09208500000945002,
    0.09647000000990003,
    0.10085500001035003,
    0.10524000001080003
  ],
  "sample_number": 1000,
  "length_z": 0.005,
  "acquisition_number": 50
}