{
  "etl": 8,
  "esp": 8.95,
  "bw": 360,
  "excitation_angle": 90.0,
  "excitation_phase": 90.0,
  "gradient_excitation": -33.55,
  "duration_excitation": 2000.0,
  "gradient_excitation_rephase": -47.40,
  "duration_excitation_rephase": 1000.0,
  "refocus_angle": [
    180.0,
    180.0,
    180.0,
    180.0,
    180.0,
    180.0,
    180.0,
    180.0
  ],
  "refocus_phase": [
    0.0,
    0.0,
    0.0,
    0.0,
    0.0,
    0.0,
    0.0,
    0.0
  ],
  "gradient_refocus": -17.89,
  "duration_refocus": 2500.0,
  "gradient_crush": -50.33,
  "duration_crush": 1740.0,
  "gradient_excitation_verse_lobes": 0.0,
  "duration_excitation_verse_lobes": 0.0,
  "gradient_refocus_verse_lobes": 0.0,
  "duration_refocus_verse_lobes": 0.0,
  "tes": [
    8.9500000009,
    17.9000000018,
    26.8500000027,
    35.8000000036,
    44.750000004499995,
    53.7000000054,
    62.6500000063,
    71.6000000072
  ],
  "sample_number": 1000,
  "length_z": 0.005,
  "acquisition_number": 50
}
